vertical,username,
fashion,cristinacordula,
beauty,itsisabelbedoya,
fashion,makeupkaty,
fashion,katy,
fashion,wiintrr,
fitness,thenotoriousmma,
fitness,mistyonpointe,
travel,torrisilaura,
fashion,thehala,
fashion,beberexha,
beauty,hairnbeautydirectory,
fashion,lufyyyy,
fashion,riverviiperi,
fashion,romeestrijd,
family,atomicmari,
fashion,ayla_woodruff,
fashion,cocorocha,
fashion,lira_galore,
family,riccardodose,
travel,doyoutravel,
fashion,georgiakousoulou,
fashion,anyuta_rai,
fashion,mimielashiry,
fashion,francescachillemi___,
fashion,mrsguptasquared,
fashion,deemaalasadi,
fashion,dentistasfit,
fashion,antoni,
family,dorindamedley,
family,thekolors_stash,
interior,wallpapermag,
fashion,rosymcmichael,
fashion,liketoknow.it,
fashion,blaireadiebee,
fashion,vanityfairitalia,
travel,robstrok,
fashion,drayamichele,
beauty,pixielott,
family,brksedu,
fashion,morganstewart,
pet,itsdougthepug,
fashion,lillielexie,
fashion,marisaad,
family,angelakinsey,
interior,thejungalow,
fitness,koyawebb,
fashion,rose_bertram,
fashion,porrovecchiocoralie,
pet,thedogist,
fashion,aliachergui,
fashion,iesha_mariee,
fashion,fabianakarlareal,
family,henricastelli,
fashion,bestofmenstyle,
fashion,house.of.huber,
fashion,itsnotsonia,
fashion,elenimenegaki,
fashion,hannahmeloche,
fashion,ksfreak,
fashion,imjennim,
fashion,coveteur,
fashion,beccatilley,
fashion,rachparcell,
fashion,bran.wolf,
fashion,amyytk,
fashion,whowhatwear,
fashion,agatha,
fashion,lara_stone,
fashion,dulceida,
fitness,bradcastleberry,
fitness,rafaelmiller,
fashion,tonyamichelle26,
fashion,missjenjomet,
fashion,diipakhosla,
fashion,valentinavignali,
fashion,lolowood_,
fashion,charlottemckinney,
fitness,anllela_sagra,
family,torispelling,
fashion,rachelzoe,
fashion,vanillagirl_86,
fashion,vanessa_incontrada,
travel,designboom,
family,themirandamay,
fashion,claudia_romani,
fashion,lurehsu,
fashion,inanna,
fashion,priyankachopra,
pet,pudgethecat,
pet,dailydougie,
fashion,yoventura,
fashion,lilyaldridge,
fitness,laurasykora,
fashion,rah_ali,
interior,urbanjungleblog,
family,camillathurlow,
fashion,maylaraujoc,
food,aliceliveing,
travel,kpunkka,
fitness,pamelaalexandra,
fashion,brookecarriehil,
beauty,marisolbautistaa,
fashion,mariasharapova,
fashion,instylemagazine,
food,marthastewart,
fashion,ginadiazh,
fashion,bellahadid,
beauty,kimberleymargarita_,
fashion,bestofstreetstyled,
fashion,camilacanabal,
interior,glitterguide,
fashion,misstiffanyma,
fashion,milliemackintosh,
fashion,yarashahidi,
fashion,chechurodriguez_real,
fashion,rclbeauty101,
family,tichinaarnold,
fashion,karolg,
fashion,laurajadestone,
fashion,keilah.k,
fashion,georgiamay112,
fashion,michellesalasb,
fashion,levanteofficial,
family,dudanagle,
fashion,latainax3,
fashion,marycake,
fashion,evelynregly,
fashion,alissaviolet,
food,passionforbaking,
fitness,eibrunocorrea,
fashion,micololivieri_,
fashion,blakescott,
fashion,whatthechic,
fashion,kazcrossley,
family,tacielealcolea,
fashion,weddingdiary,
food,foodie,
travel,tonimahfud,
family,lydiabright,
fitness,xmurryofficial,
fashion,carolinakopelioff,
family,yaswildblood,
fashion,amandasteele,
fitness,kaigreene,
fashion,valliludovica,
fitness,meggangrubb,
food,elsas_wholesomelife,
fashion,giizeleoliveira,
fashion,lahamag,
fashion,indialove,
fashion,daniellediz,
family,kylie.shoot,
family,xo.rachelpitzel,
travel,chelseameissner58,
fashion,plusmodelmag,
family,venenosandoval,
fashion,beauteactive,
fashion,tiarachel91,
fashion,agthpricilla,
fashion,theblondesalad,
fashion,bridget,
travel,marcofantini_mf,
family,timhow1,
fashion,laurenpopey,
fashion,gloria_nbr,
family,kimberleywalshofficial,
fashion,abby,
fashion,danedgar,
fashion,taylor_hill,
fashion,biancaatzei,
fashion,zaira.nara,
fashion,boounzueta,
fashion,__niki22,
family,frafacchinetti,
fashion,hoxha_aurela,
fashion,daniellamonet,
fashion,gabi,
fashion,dalalid,
beauty,larisadoll,
travel,devinsupertramp,
fashion,rademita,
fashion,victoriajustice,
fashion,farinamusic,
fashion,ardenrose,
fitness,kaisafit,
fashion,elenamoralireal,
family,ryanseacrest,
fashion,fancycorrectitude,
fitness,laurentaylor05,
travel,izkiz,
fashion,claudiaalende,
fashion,k.els.e.y,
fashion,manhattangirl,
travel,thiswildidea,
fitness,thatshekinah,
fashion,hadiaghaleb,
fashion,pamallier,
fashion,lili_mitrovic,
fashion,esteelalonde,
fashion,emitaz,
travel,andy_best,
travel,lacerti,
fitness,hotdudesreading,
fashion,chloe_simsstarship,
fashion,thebeautybeau,
fashion,claudiasulewski,
family,audrinapatridge,
fashion,dannyperez20,
fashion,cynthiasenek,
fashion,bryanaholly,
family,erickmafra,
fashion,ricademarre,
fashion,lilymaymac,
fitness,rosannaarkle,
fashion,marinaferrarig,
fashion,anilorak,
travel,the.pinklemonade,
family,kristendoute,
fashion,mvb,
fashion,ximenacordoba,
beauty,lolaliner,
beauty,fays._,
fashion,mandymooremm,
family,brodiesmith21,
fashion,gentbelike,
family,ximenaduque,
family,carefryer,
fashion,belenhostalet,
fashion,msrebeccablack,
fashion,corentinhuard,
fashion,manuecureau,
beauty,christendominique,
food,tasteofhome,
fashion,meeeeeeeel_,
fashion,thebarbieblank,
fashion,cloecouture,
beauty,thecutlife,
fashion,vanessagrimaldi30,
fashion,tata,
fashion,cristipedroche,
fashion,gabriellecaunesil,
fashion,cocoelif,
fashion,itslaurendotcom,
food,foooodieee,
beauty,kristenxleanne,
family,yannalavigne,
fashion,missmcclearyx,
fashion,ma.pina,
fashion,anaclaraac,
fashion,carowozniacki,
fashion,chiarabiasi,
beauty,elnaz_golrokh,
fashion,ttlyteala,
fashion,tommiee_,
fashion,ignaziomoser,
beauty,makeupbyalinna,
fashion,adelina.pestritu,
family,emma_jane1392,
fashion,barrefaeli,
fashion,irismittenaeremf,
fashion,rocsidiaz,
fashion,xenia,
fashion,ijustine,
travel,thegoodlifeinc,
fashion,marcellosacchetta,
fashion,tinashenow,
family,ashley_iaconetti,
fashion,doctor.mike,
family,geraldine_kemper,
fashion,chloelukasiak,
fashion,iamlilimar,
fashion,marcusbutler,
fitness,vicky_aisha,
fashion,micarocha,
fitness,gabrielapugliesi,
family,whitneyeveport,
fashion,mrmr__4,
fashion,lianev,
fashion,mindysttnprty,
fashion,weworewhat,
family,adambuzz,
pet,venustwofacecat,
fashion,mariesteller,
fashion,luisa,
family,rodrigaooficial,
food,magnum,
fashion,caseyhl91,
beauty,windygirk,
fashion,krisjenner,
family,thebucketlistfamily,
travel,charliebrake1,
fashion,arika,
fashion,therealdaytime,
family,amychilds1990,
fashion,devwindsor,
family,missylanning,
fashion,emmawillisofficial,
fashion,aminabuddafly,
fashion,msbarbieimperial,
beauty,patrickstarrr,
fashion,anastasiaashley,
beauty,quemdisseberenice,
family,annasaccone,
fashion,dagi_shop,
fashion,paolaturani,
fashion,carodaur,
fashion,miraclewatts00,
fashion,thailaayala,
fashion,aaliyahjay,
family,realamberlportwood1__,
food,taimalfalasi,
beauty,gabrielzamora,
fashion,iamkb,
travel,katiecassidy,
fashion,talagolzar,
fashion,therealtahiry,
fashion,porsha4real,
pet,dogsofinstagram,
fashion,patriziayanguela,
fashion,ireneisgood,
fashion,franciaraisa,
family,disneystyle,
family,mackenziemckee,
fashion,melissasatta,
fashion,evachen212,
fashion,coni_piccoli,
beauty,viva_glam_kay,
fitness,devinphysique,
fashion,pau_eche,
fashion,mollieking,
fashion,elizabethcturner,
fashion,francinyehlke,
fashion,corinnakopf,
fashion,paperazzimagazine,
fashion,parkermckennaaa,
fashion,dominic.harrison.official,
fashion,galagonzalez,
food,disneyfamily,
fashion,carringtondurham,
fashion,trendy_taste,
beauty,iluvsarahii,
beauty,peachyqueenblog,
fashion,piperrockelle,
fashion,renataalves_oficial,
travel,aureta,
travel,theblondeabroad,
beauty,wiccac,
fashion,vogueitalia,
fashion,linda_kafexholli,
fashion,karencivil,
family,gracehelbig,
family,laurachiatti82,
fashion,belle_lucia,
fashion,tatjanamariposa,
fashion,aleshaofficial,
fashion,winnieharlow,
fashion,chloegshore1,
fashion,fraferragni,
fashion,ingredybarbi,
fashion,alessandra,
family,amberrose,
family,paivajuliana,
family,carlywad,
fashion,yvonnepferrer,
beauty,malacusle,
fashion,marigonzalez,
beauty,barbershopconnect,
fashion,chavespauok,
family,aspynovard,
fashion,valegenta,
fitness,andreadamante,
fashion,kendallraeknight,
fashion,anacheri,
fitness,missnikkiibaby,
fitness,diaryofafitmommyofficial,
family,rafaelzulu,
fashion,paola_antonini,
beauty,missjazminad,
fitness,indicowie,
fashion,unahealy,
fashion,evelynlozada,
fashion,colormenae,
fashion,lamiyaslimani,
fashion,alemaglietti,
beauty,xthuyle,
family,millacabrall,
travel,kjp,
fashion,laurenelizabeth,
fitness,pumping.sophia.thiel,
beauty,itsmyrayeraye,
travel,ignant,
family,castrocarol,
fashion,_summerella_,
fashion,leighannepinnock,
interior,garancedore,
fashion,westbrooks.crystal,
fitness,rondarousey,
beauty,bretmanrock,
family,allisonholker,
fashion,marimariamakeup,
family,ajol_llama,
travel,pilotmaria,
fashion,meredithfoster,
fashion,loreimprota,
fashion,xttiona,
fashion,martalozanop,
fashion,dtrix,
fashion,binkyfelstead,
fashion,heyitsannabanana,
fashion,aliciasilverstone,
fashion,menwithstreetstyle,
family,adushkinalife,
fashion,ayselkhaledofficial,
fashion,irinavoronina,
fashion,mayajama,
fashion,adaripp,
fashion,proudlock,
fitness,tatemcrae,
fashion,giulianatiofficial,
family,avafoley,
travel,curious2119,
fashion,gabibrandt,
fashion,louteasdale,
fashion,kayceericeofficial,
fashion,luanavjollca,
fashion,isabella,
fashion,tamara,
family,rubyroseturner,
fashion,lexijayde,
fashion,micael,
beauty,bodmonzaid,
travel,misterpreda,
family,mattcutshall,
fashion,douniaslimani,
fashion,vidyavox,
travel,andreadipietro10,
family,vegaalexa,
fashion,eugeniatobal,
family,araujovivianne,
fitness,brazzersofficial,
fashion,brittneyelena,
fashion,thefashionista,
fitness,analago95,
beauty,mac_daddyy,
beauty,exteriorglam,
fashion,iamyanetgarcia,
fashion,royalty_24kt,
family,iamdelafuente,
family,weddingwire,
fashion,imouniroy,
fashion,malaysiainthecity,
fashion,kelseymerritt,
family,mrsgifletcher,
fashion,iconaccidental,
fashion,hollywoodreporter,
beauty,amberscholl,
fashion,roshniwaliaa,
fashion,rosiehw,
travel,alliemtaylor,
beauty,hayley_bui,
family,anapatriciatv,
beauty,vidcg,
interior,designlovefest,
fashion,aruanmarsha,
fashion,tracisteele,
family,tiffyquake,
family,foreverandforava,
fashion,blvckd0pe,
interior,design.only,
travel,ellorahaonne,
fashion,prayalundberg,
fashion,emy_ltr,
fashion,camillecharriere,
fashion,gaellegd,
fashion,kburton_25,
family,kathy.castricini,
fashion,wengie,
fashion,marlacatherine,
fashion,vatanika,
fashion,christie_ferrari,
family,black_beautifulclassy,
family,brentrivera,
travel,backpackermag,
family,bryanlanning,
fashion,valeria_orsini,
fashion,domlever,
family,m_phelps00,
fitness,_jackfowler_,
fashion,alisha,
travel,miss.everywhere,
fashion,flaviapavanelli,
fashion,lucavezil,
fashion,colormecourtney,
fashion,veronicamerrell,
fashion,keke,
beauty,manal,
fashion,lorena,
travel,guskenworthy,
fashion,cynsantana,
fashion,wolfiecindy,
travel,keeoone,
fashion,danielarued,
fashion,emmacakecup,
family,kramergirl,
fashion,mariarudgealbuquerque,
fashion,chrisellelim,
fashion,miakhalifa,
fashion,billboard,
fashion,alessiamarcuzzi,
fashion,awed__,
travel,taramilktea,
travel,worldwanderlust,
fashion,valentinazenere,
fashion,kendalljenner,
fashion,pilarrubio_oficial,
family,elliemecham,
fashion,missjuliakelly,
fashion,kadymcdermott,
fashion,pokimanelol,
fashion,thepatriciabright,
fashion,laelegantia,
fashion,martinaluchena,
fitness,ufc,
travel,misshedwig,
interior,apartmenttherapy,
beauty,kimchi_chic,
food,thenaughtyfork,
travel,bryanadamc,
fashion,blythe,
family,kiragirard,
fashion,travbeachboy,
food,thefeedfeed,
fashion,affaf,
fashion,teresannabellambriana,
fashion,larlarlee,
fashion,weallwanther,
fitness,anniethorisdottir,
fashion,garotasdegrife,
travel,kovy_gameballcz,
travel,roam,
fashion,emilyanngemma,
fashion,federicapaper,
fashion,model_roz,
fashion,teresuch,
fashion,maisa,
fashion,gabrielconte,
family,brycehall,
fashion,lauraanderson1x,
fashion,kourtneykardash,
fashion,tanfrance,
fashion,karinjinsui,
food,alphafoodie,
family,mrciantwomey,
fashion,meryturiel,
fashion,kristenmcatee,
family,gazgshore,
fashion,katgraham,
fashion,dawnrichard,
fashion,thatsheart,
fashion,denisebidot,
travel,fede_greg,
fashion,ashanti,
fashion,emilycanham,
fashion,marixioficial,
fashion,giuliapenna_official,
pet,lokistagram,
food,trishayearwood,
fashion,marykaterob,
food,foodandwine,
fashion,alejandraespinoza,
interior,myhouseidea,
beauty,cosmobyhaley,
fashion,collagevintage,
fashion,munishmaya,
fashion,radhikasethh,
beauty,paollaoliveirareal,
fashion,kristy.lani,
fashion,fashionista_com,
fashion,metisha,
fashion,yasminbrunet1,
fashion,guendalinacanessa,
family,thekaroleq95,
fashion,vjanusha,
beauty,denitslava,
interior,real_simple,
travel,maximmag,
fashion,brooklynandbailey,
fashion,elenoirec,
fitness,kimbellasworld,
fashion,lorihoxha,
family,zane,
interior,mrkate,
fitness,curvycurlychrisy,
fashion,lateysha_grace,
family,lolaponce,
fashion,andymtzurita,
family,mercedesjavid,
fashion,ruslanagee,
fashion,tiffanyalvord,
food,eduguedesoficial,
fashion,brunavieira,
fashion,dulcecandy,
family,tyleroakley,
pet,prissy_pig,
travel,mauronakada,
fitness,tomdaley,
beauty,uglyworldwide,
beauty,carlibel,
family,yoga_girl,
fashion,valebigella,
food,bbcgoodfood,
fashion,louiseroe,
fashion,zorannah,
fashion,wdywt,
family,cliomakeup_official,
family,kcstauffer,
